id;title;content;date;blog_id
1;Industrial;../data/blob/hipster.txt;2019-06-29T22:49:45;1
2;Views e-enable Communications;../data/blob/hipster.txt;2019-06-30T01:35:22;2
3;archive Georgia Aruba;../data/blob/hipster.txt;2019-06-29T19:58:34;2
4;navigating;../data/blob/hipster.txt;2019-06-30T01:06:30;2
5;South Georgia and the South Sandwich Islands;../data/blob/hipster.txt;2019-06-30T04:57:43;3
6;Specialist Home Loan Account;../data/blob/hipster.txt;2019-06-30T12:25:12;4
7;scalable;../data/blob/hipster.txt;2019-06-30T15:04:39;4
8;Industrial;../data/blob/hipster.txt;2019-06-30T08:52:56;5
9;reinvent 24 hour Jewelery;../data/blob/hipster.txt;2019-06-30T14:16:18;3
10;monitor 1080p Checking Account;../data/blob/hipster.txt;2019-06-29T20:48:46;1
